split,n,mean,std,frac_zero
train,32576,208.25394144620506,260.7198788686301,0.07591478388998035
val,51863,332.6339657868898,399.51997368600064,0.04885949520853017
test,0,,,
