metric,global,event
rmse,43.206985356588454,44.081850069978984
mae,9.250475587269754,8.106983059061056
