user_id,alpha
U125,0.0
U137,1.0
U14,0.7000000000000001
U19,1.0
U228,0.1
U266,0.35000000000000003
U268,1.0
U354,0.4
U376,0.25
U382,0.65
U50,0.0
